{"cameraMode":{"drawMode":0,"name":"Shaded","section":"Shading Mode"},"sceneLighting":true,"audioPlay":false,"sceneViewState":{"showFog":true,"showMaterialUpdate":false,"showSkybox":true,"showFlares":true,"showImageEffects":true,"showParticleSystems":true},"in2DMode":false,"pivot":{"x":11.748119354248047,"y":0.3999999761581421,"z":1.4135420322418213},"rotation":{"x":-0.5482345223426819,"y":0.27744558453559878,"z":-0.19925107061862946,"w":-0.7633883953094482},"size":39.54737091064453,"orthographic":false}