{"cameraMode":{"drawMode":0,"name":"Shaded","section":"Shading Mode"},"sceneLighting":false,"audioPlay":false,"sceneViewState":{"showFog":true,"showMaterialUpdate":false,"showSkybox":true,"showFlares":true,"showImageEffects":true,"showParticleSystems":true},"in2DMode":false,"pivot":{"x":11.748119354248047,"y":0.3999999761581421,"z":1.4135420322418213},"rotation":{"x":-0.18477173149585725,"y":0.2510107755661011,"z":-0.04887601360678673,"w":-0.9489278793334961},"size":8.35096263885498,"orthographic":false}